facility_id,facility_name,facility_type,address,postcode,phone_number,email,opening_hours,manager_name,capacity,specialities_offered
S001,Birmingham Central GP Surgery,,"100 High Street,Birmingham",B1 1ZZ,,,,,
S002,Solihull Family Practice,,"250 Station Road,Solihull",B91 2AA,,,,,
S003,Sutton Coldfield Medical Centre,,"75 Parade,Sutton Coldfield",B72 1PX,,,,,
H001,Heartlands Hospital,,"Bordesley Green East,Birmingham",B9 5SS,,,,,
H002,Queen Elizabeth Hospital,,"Mindelsohn Way,Birmingham",B15 2TH,,,,,
H003,Birmingham Children's Hospital,,"Steelhouse Lane,Birmingham",B4 6NH,,,,,
H007,Sleeping Close Hospital,,Desert Mountain,,03222,,,,,
